Title,Company,Location,Stipend
Data Analytics,Hirific,Work From Home,5000.0
Technical Content Writing,Bizibots Solutions LLP,Work From Home,10000.0
Operations,Yulu Bikes Private Limited,Bangalore,20000.0
Mentoring,GUVI Geek Networks (IITM Incubated),Chennai,10000.0
Data Science (Machine Learning),Techvolt Software Private Limited,Coimbatore,4000.0
Data Science,Blackcoffer,Work From Home,6000.0
Data Visualization,Jambudweep Shodh Kendra,Delhi,8000.0
Data Analytics,Conscript HR Advisors Private Limited,Work From Home,1000.0
Data Science,AssetPlus (ValuePlus Technologies Private Limited),Chennai,12000.0
Data Analytics,Primary Healthtech,Guwahati,5000.0
Operations,Next Labs,Mumbai,10000.0
NLP Engineering,Relinns Technologies,Mohali,10000.0
Data Analysis (Nudge-IAF Punjab),The Nudge Foundation,Chandigarh,15000.0
Data Science,Faclon,Mumbai,10000.0
Business Analysis-2,InGen Dynamics Inc. (Part Of AH Dynamics And Robotics Private Limited),Work From Home,3000.0
UI/UX Design,Blackcoffer,Work From Home,5000.0
"Social Media Marketing Internship (in office) in Greater Noida, Noida",Tobron Knits Private Limited,Greater Noida,8000.0
Analytics,ExxpertSCM (A Unit Of Thoughtware Training Private Limited),Bangalore,10000.0
Business Analytics,ERP Launchpad,Work From Home,4000.0
Data Science (Advanced Python),TerraBlue XT,Bangalore,10000.0
Machine Learning,Cats In Lab Coats Technologies,Work From Home,6000.0
Content Analyst,GreenBhumi (A TopTrove Foundation Initiative),Work From Home,
Data Management,WeMakeScholars,Hyderabad,10000.0
Deep Learning/Python Development,Artenal,Work From Home,10000.0
Corporate Relations,NxtWave Disruptive Technologies Private Limited,Hyderabad,20000.0
Data Analytics,Brighter Beings,Mohali,15000.0
Data Analytics,UniAcco,Mumbai,30000.0
Business Analysis,InGen Dynamics Inc. (Part Of AH Dynamics And Robotics Private Limited),Work From Home,3000.0
Data Analytics,HappiMynd,Work From Home,3000.0
Robotics & Machine Learning,Lkube Sports And Projects Private Limited,Hyderabad,3000.0
Data Science/Analysis,Nocturne Ventures,Work From Home,5000.0
Quantitative Analysis,Sunay Mehta,Bangalore,5000.0
Business Analytics,ThinksyBrains,Work From Home,8000.0
Artificial Intelligence (AI) Engineering,Ostello India Private Limited,Work From Home,8000.0
Machine Learning (Object/Video),W3Dev,Noida,5000.0
Data Science,StudyMonk,Work From Home,10000.0
Data Analysis,Alphanumeric Ideas Private Limited,Work From Home,1500.0
Machine Learning,DataFlair Web Services,Work From Home,8000.0
Data Analytics,M3 Avenue Associates Private Limited,Hyderabad,2000.0
AI/ML Engineering,OpeninApp,Bangalore,25000.0
